City,State
Melbourne,Victoria
Sydney,New South Wales
Brisbane,Queensland
Perth,Western Australia
Adelaide,South Australia
Gold Coast,Queensland
Cranbourne,Victoria
Canberra,Australian Capital Territory
Central Coast,New South Wales
Wollongong,New South Wales
Ipswich,Queensland
Hobart,Tasmania
Geelong,Victoria
Townsville,Queensland
Newcastle,New South Wales
Cairns,Queensland
Darwin,Northern Territory
Ballarat,Victoria
Toowoomba,Queensland
Bendigo,Victoria
Mandurah,Western Australia
Launceston,Tasmania
Mackay,Queensland
Hervey Bay,Queensland
Buderim,Queensland
Wagga Wagga,New South Wales
Pakenham,Victoria
Port Macquarie,New South Wales
Caloundra,Queensland
Frankston,Victoria
Sunbury,Victoria
Gladstone,Queensland
Bathurst,New South Wales
Palmerston,Northern Territory
Southport,Queensland
Dandenong,Victoria
Warrnambool,Victoria
Quakers Hill,New South Wales
Mount Gambier,South Australia
Traralgon,Victoria
Whyalla,South Australia
Armidale,New South Wales
Burnie,Tasmania
Griffith,New South Wales
Mount Eliza,Victoria
Maroochydore,Queensland
Taree,New South Wales
Banora Point,New South Wales
Lara,Victoria
Cessnock,New South Wales
Horsham,Victoria
Murray Bridge,South Australia
Wallan,Victoria
Australind,Western Australia
Ormeau,Queensland
Barwon Heads,Victoria
Mount Barker,South Australia
Morwell,Victoria
Forster,New South Wales
Penrith,New South Wales
Goonellabah,New South Wales
Leopold,Victoria
Campbelltown,New South Wales
Rutherford,New South Wales
Nambour,Queensland
Corinda,Queensland
Muswellbrook,New South Wales
Kingston,Tasmania
Grafton,New South Wales
Bowral,New South Wales
Kingaroy,Queensland
Casino,New South Wales
Swan Hill,Victoria
Parkes,New South Wales
Mudgee,New South Wales
Mount Evelyn,Victoria
Inverell,New South Wales
Andergrove,Queensland
Nowra,New South Wales
Flemington,New South Wales
Colac,Victoria
Bargara,Queensland
Ballina,New South Wales
Mareeba,Queensland
Moss Vale,New South Wales
Springwood,New South Wales
Rye,Victoria
Cowra,New South Wales
Beenleigh,Queensland
Tweed Heads,New South Wales
Emu Plains,New South Wales
Charters Towers,Queensland
Katoomba,New South Wales
Mooroopna,Victoria
Maryborough,Victoria
Young,New South Wales
Narre Warren North,Victoria
Clifton Springs,Victoria
Castlemaine,Victoria
Kingscliff,New South Wales
Fremantle,Western Australia
Leeton,New South Wales
Blaxland,New South Wales
Kyabram,Victoria
Sanctuary Point,New South Wales
Moama,New South Wales
Merrimac,New South Wales
Moree,New South Wales
Murwillumbah,New South Wales
Urraween,Queensland
Bongaree,Queensland
Bomaderry,New South Wales
Ulverstone,Tasmania
Dromana,Victoria
Helensburgh,New South Wales
Seymour,Victoria
Port Augusta,South Australia
Burpengary,Queensland
Waterford,Queensland
Deniliquin,New South Wales
Strathalbyn,South Australia
Lennox Head,New South Wales
Nambucca Heads,New South Wales
Wauchope,New South Wales
Tumut,New South Wales
Nuriootpa,South Australia
Tuncurry,New South Wales
Yamba,New South Wales
Lakes Entrance,Victoria
Kurri Kurri,New South Wales
North Mackay,Queensland
Yass,New South Wales
Mittagong,New South Wales
Cootamundra,New South Wales
Cannonvale,Queensland
Point Vernon,Queensland
Palmwoods,Queensland
Leongatha,Victoria
Stawell,Victoria
Narrabri,New South Wales
Whittlesea,Victoria
Corowa,New South Wales
Inverloch,Victoria
New Norfolk,Tasmania
Richmond,New South Wales
Wynyard,Tasmania
Woolgoolga,New South Wales
Glen Innes,New South Wales
Alstonville,New South Wales
Worragee,New South Wales
Glenbrook,New South Wales
Nairne,South Australia
Tahmoor,New South Wales
Scone,New South Wales
Kiama Downs,New South Wales
Hazelbrook,New South Wales
Lithgow,New South Wales
Encounter Bay,South Australia
Boulder,Western Australia
Salamander Bay,New South Wales
Albury,New South Wales
Bucasia,Queensland
Millicent,South Australia
Churchill,Victoria
Renmark,South Australia
Wingham,New South Wales
Maffra,Victoria
Glenella,Queensland
Rasmussen,Queensland
Tanunda,South Australia
Old Bar,New South Wales
George Town,Tasmania
Wyong,New South Wales
Broadford,Victoria
Drysdale,Victoria
Tatura,Victoria
Cockatoo,Victoria
Deeragun,Queensland
Victor Harbor,South Australia
Latrobe,Tasmania
Berri,South Australia
Wellington,New South Wales
Thirlmere,New South Wales
Legana,Tasmania
Temora,New South Wales
The Entrance,New South Wales
Mansfield,Victoria
Gerringong,New South Wales
Loxton,South Australia
Somerset,Tasmania
Korumburra,Victoria
Picton,New South Wales
Trafalgar,Victoria
Pearcedale,Victoria
Numurkah,Victoria
Peregian Beach,Queensland
Narrandera,New South Wales
Suffolk Park,New South Wales
Buninyong,Victoria
Longford,Tasmania
Kerang,Victoria
Weston,New South Wales
Sawtell,New South Wales
Silverdale,New South Wales
Roxby Downs,South Australia
Bay View,New South Wales
Lismore,New South Wales
Merimbula,New South Wales
Scarness,Queensland
Lake Cathie,New South Wales
Paynesville,Victoria
Perth,Tasmania
Maddingley,Victoria
Proserpine,Queensland
Cobar,New South Wales
Aldgate,South Australia
Port Fairy,Victoria
Koo-Wee-Rup,Victoria
Penguin,Tasmania
Beachmere,Queensland
Smithton,Tasmania
McLaren Vale,South Australia
Euroa,Victoria
Bellingen,New South Wales
Mullumbimby,New South Wales
Tura Beach,New South Wales
Eden,New South Wales
Red Cliffs,Victoria
Bogangar,New South Wales
Shoalhaven Heads,New South Wales
Blayney,New South Wales
Stirling,South Australia
Wilton,New South Wales
Kapunda,South Australia
Terranora,New South Wales
Woori Yallock,Victoria
Saint Georges Basin,New South Wales
Camperdown,Victoria
Culburra,New South Wales
Deloraine,Tasmania
Tea Gardens,New South Wales
Bonny Hills,New South Wales
McCrae,Victoria
North Wonthaggi,Victoria
Thursday Island,Queensland
Urunga,New South Wales
Vincentia,New South Wales
West Wyalong,New South Wales
Howlong,New South Wales
Lawson,New South Wales
Narooma,New South Wales
Quirindi,New South Wales
Condobolin,New South Wales
Margate,Tasmania
Aberdare,New South Wales
Dodges Ferry,Tasmania
Gilgandra,New South Wales
Launching Place,Victoria
Goolwa,South Australia
Rutherglen,Victoria
Hahndorf,South Australia
Willunga,South Australia
Sandy Beach,New South Wales
Hadspen,Tasmania
Beaconsfield Upper,Victoria
Hill Top,New South Wales
Williamstown,South Australia
Jindabyne,New South Wales
Freeling,South Australia
Lobethal,South Australia
The Oaks,New South Wales
Baxter,Victoria
Saint Arnaud,Victoria
Esperance,Western Australia
Heddon Greta,New South Wales
Freshwater,Queensland
Grenfell,New South Wales
Bangalow,New South Wales
Kawana Waters,Queensland
Orbost,Victoria
Manilla,New South Wales
Camden Haven,New South Wales
Wallerawang,New South Wales
Wattleglen,Victoria
Mulwala,New South Wales
Barmera,South Australia
Windsor,New South Wales
Woodside,South Australia
Lyndoch,South Australia
Batehaven,New South Wales
Queenstown,Tasmania
Yarram,Victoria
Brunswick Heads,New South Wales
Waikerie,South Australia
Westbury,Tasmania
Yaroomba,Queensland
Curlewis,Victoria
Denman,New South Wales
Bourke,New South Wales
Nathalia,Victoria
Tathra,New South Wales
Cobden,Victoria
Drummond Cove,Western Australia
Canowindra,New South Wales
Yarragon,Victoria
Walgett,New South Wales
Surfside,New South Wales
Seven Mile Beach,Tasmania
San Remo,Victoria
Greenwell Point,New South Wales
Valley Heights,New South Wales
Oakdale,New South Wales
Yallourn North,Victoria
Innisfail,Queensland
Mollymook,New South Wales
Evandale,Tasmania
Wahgunyah,Victoria